"CO_UF","NO_UF","PA_UFMUN","NO_MUN","CO_REG","NO_REG","CO_REGibge","NO_REGibge","PA_CODUNI","FANTASIA","COD_CEP","CPF_CNPJ","CNPJ_MAN","PA_CBOCOD","DS_CBO","PA_PROC_ID","NO_PROC","PA_MUNPCN","count","qtde","total"
"41","Paran√°","410040","ALMIRANTE TAMANDAR√â","41002","2¬™ RS Metropolitana","41037","Curitiba","7299680","PRO LAB LABORATORIO DE ANALISES CLINICAS","83501090","18171024000179","00000000000000","223415","FARMACEUTICO ANALISTA CLINICO","0202010503","DOSAGEM DE HEMOGLOBINA GLICOSILADA","999999",1,200,1572
"41","Paran√°","410040","ALMIRANTE TAMANDAR√â","41002","2¬™ RS Metropolitana","41037","Curitiba","7504403","SUHLAB","83506000","19051862000171","00000000000000","223415","FARMACEUTICO ANALISTA CLINICO","0202010503","DOSAGEM DE HEMOGLOBINA GLICOSILADA","999999",1,123,966.78
"41","Paran√°","410040","ALMIRANTE TAMANDAR√â","41002","2¬™ RS Metropolitana","41037","Curitiba","7606060","IDEALLAB","83501070","20870871000173","00000000000000","221205","BIOMÇDICO","0202010503","DOSAGEM DE HEMOGLOBINA GLICOSILADA","999999",1,100,786
"41","Paran√°","410120","ANTONINA","41001","1¬™ RS Paranagu√°","41038","Paranagu√°","2680971","HOSPITAL DR SILVIO BITTENCOURT LINHARES","83370000","76022516000280","76022516000107","223415","FARMACEUTICO ANALISTA CLINICO","0202010503","DOSAGEM DE HEMOGLOBINA GLICOSILADA","999999",1,10,78.6
"41","Paran√°","410140","APUCARANA","41016","16¬™ RS Apucarana","41010","Apucarana","2439379","INSTITUTO APUCARANENSE","86800040","78031218000109","00000000000000","223415","FARMACEUTICO ANALISTA CLINICO","0202010503","DOSAGEM DE HEMOGLOBINA GLICOSILADA","999999",1,48,377.28
"41","Paran√°","410140","APUCARANA","41016","16¬™ RS Apucarana","41010","Apucarana","2439395","LABORATORIO APUCARANA","86800040","77448843000180","00000000000000","223415","FARMACEUTICO ANALISTA CLINICO","0202010503","DOSAGEM DE HEMOGLOBINA GLICOSILADA","999999",1,56,440.16
"41","Paran√°","410140","APUCARANA","41016","16¬™ RS Apucarana","41010","Apucarana","2439425","LABORATORIO SAO FRANCISCO","86800040","79105110000178","00000000000000","221205","BIOMÇDICO","0202010503","DOSAGEM DE HEMOGLOBINA GLICOSILADA","999999",1,117,919.62
"41","Paran√°","410140","APUCARANA","41016","16¬™ RS Apucarana","41010","Apucarana","2439492","CISVIR","86800140","01010042000176","00000000000000","225335","MEDICO PATOLOGISTA CLINICO  MEDICINA LABORATORIAL","0202010503","DOSAGEM DE HEMOGLOBINA GLICOSILADA","999999",1,48,377.28
"41","Paran√°","410140","APUCARANA","41016","16¬™ RS Apucarana","41010","Apucarana","2584174","LABORATORIO CENTERLAB DE ANALISES CLINICAS","86800140","02100609000168","00000000000000","223415","FARMACEUTICO ANALISTA CLINICO","0202010503","DOSAGEM DE HEMOGLOBINA GLICOSILADA","999999",2,46,361.56
"41","Paran√°","410140","APUCARANA","41016","16¬™ RS Apucarana","41010","Apucarana","3155986","LABORATORIO SAO MARCOS","86800120","05503417000190","00000000000000","223415","FARMACEUTICO ANALISTA CLINICO","0202010503","DOSAGEM DE HEMOGLOBINA GLICOSILADA","999999",1,41,322.26
"41","Paran√°","410160","ARAPOTI","41003","3¬™ RS Ponta Grossa","41020","Jaguaria√≠va","3480321","UNIDADE MATERNO INFANTIL","84990000","00000000000000","75658377000131","223415","FARMACEUTICO ANALISTA CLINICO","0202010503","DOSAGEM DE HEMOGLOBINA GLICOSILADA","999999",1,20,157.2
"41","Paran√°","410180","ARAUC√ÅRIA","41002","2¬™ RS Metropolitana","41037","Curitiba","3151875","VOLPI BIANCARDI LABORATORIO DE ANALISES CLINICAS","83702070","00946045000153","00000000000000","223415","FARMACEUTICO ANALISTA CLINICO","0202010503","DOSAGEM DE HEMOGLOBINA GLICOSILADA","999999",1,9,70.74
"41","Paran√°","410180","ARAUC√ÅRIA","41002","2¬™ RS Metropolitana","41037","Curitiba","3183521","LABORATORIO DE ANALISES CLINICAS NASSAR","83702070","01745947000194","00000000000000","221205","BIOMÇDICO","0202010503","DOSAGEM DE HEMOGLOBINA GLICOSILADA","999999",1,27,212.22
"41","Paran√°","410180","ARAUC√ÅRIA","41002","2¬™ RS Metropolitana","41037","Curitiba","7586906","LABORATORIO DE ANALISES CLINICAS SAO CARLOS","83702070","19769626000195","00000000000000","223415","FARMACEUTICO ANALISTA CLINICO","0202010503","DOSAGEM DE HEMOGLOBINA GLICOSILADA","999999",1,3,23.58
"41","Paran√°","410190","ASSA√ç","41017","17¬™ RS Londrina","41014","Assa√≠","2576317","CENTRO DE SAUDE ASSAI","86220000","00000000000000","76290709000130","223415","FARMACEUTICO ANALISTA CLINICO","0202010503","DOSAGEM DE HEMOGLOBINA GLICOSILADA","999999",1,47,369.42
"41","Paran√°","410220","ATALAIA","41015","15¬™ RS Maring√°","41006","Astorga","2733439","HOSPITAL MUNICIPAL DE ATALAIA","87630000","00000000000000","75731018000162","223415","FARMACEUTICO ANALISTA CLINICO","0202010503","DOSAGEM DE HEMOGLOBINA GLICOSILADA","999999",1,3,23.58
"41","Paran√°","410260","BARRAC√ÉO","41008","8¬™ RS Francisco Beltr√£o","41026","Franc.Beltr√£o","2583275","CENTRO DE SAUDE NIS I BARRACAO","85700000","00000000000000","75666131000101","223415","FARMACEUTICO ANALISTA CLINICO","0202010503","DOSAGEM DE HEMOGLOBINA GLICOSILADA","999999",1,8,62.88
"41","Paran√°","410275","BELA VISTA DA CAROBA","41008","8¬™ RS Francisco Beltr√£o","41025","Capanema","2582937","CENTRO DE SAUDE NIS I DE BELA VISTA DA CAROBA","85745000","00000000000000","01612441000107","223415","FARMACEUTICO ANALISTA CLINICO","0202010503","DOSAGEM DE HEMOGLOBINA GLICOSILADA","999999",1,25,196.5
"41","Paran√°","410280","BELA VISTA DO PARA√çSO","41017","17¬™ RS Londrina","41007","Porecatu","2727099","AMBULATORIO MUN DR EDGAR BEZERRA VALENTE","86130000","00000000000000","76245067000158","223415","FARMACEUTICO ANALISTA CLINICO","0202010503","DOSAGEM DE HEMOGLOBINA GLICOSILADA","999999",1,16,125.76
"41","Paran√°","410370","CAMB√â","41017","17¬™ RS Londrina","41011","Londrina","2729679","LABORATORIO BIOCENTER","86180970","05068141000160","00000000000000","223415","FARMACEUTICO ANALISTA CLINICO","0202010503","DOSAGEM DE HEMOGLOBINA GLICOSILADA","999999",1,4,31.44
"41","Paran√°","410370","CAMB√â","41017","17¬™ RS Londrina","41011","Londrina","2729768","LABORATORIO MUNICIPAL DE CAMBE","86180970","00000000000000","75732057000184","223415","FARMACEUTICO ANALISTA CLINICO","0202010503","DOSAGEM DE HEMOGLOBINA GLICOSILADA","999999",1,280,2200.8
"41","Paran√°","410400","CAMPINA GRANDE DO SUL","41002","2¬™ RS Metropolitana","41037","Curitiba","0013633","HOSPITAL ANGELINA CARON","83430000","00000000000000","07088017000191","223415","FARMACEUTICO ANALISTA CLINICO","0202010503","DOSAGEM DE HEMOGLOBINA GLICOSILADA","999999",1,164,1289.04
"41","Paran√°","410400","CAMPINA GRANDE DO SUL","41002","2¬™ RS Metropolitana","41037","Curitiba","6624898","CENTRO DE ESPECIALIDADES MEDICAS CEM","83430000","00000000000000","11522710000106","223415","FARMACEUTICO ANALISTA CLINICO","0202010503","DOSAGEM DE HEMOGLOBINA GLICOSILADA","999999",1,78,613.08
"41","Paran√°","410420","CAMPO LARGO","41002","2¬™ RS Metropolitana","41037","Curitiba","0013838","HOSPITAL SAO LUCAS","83601050","75807073000199","00000000000000","223415","FARMACEUTICO ANALISTA CLINICO","0202010503","DOSAGEM DE HEMOGLOBINA GLICOSILADA","999999",1,25,196.5
"41","Paran√°","410420","CAMPO LARGO","41002","2¬™ RS Metropolitana","41037","Curitiba","2681757","BIOLAG","83601610","01540028000184","00000000000000","223415","FARMACEUTICO ANALISTA CLINICO","0202010503","DOSAGEM DE HEMOGLOBINA GLICOSILADA","999999",1,20,157.2
"41","Paran√°","410420","CAMPO LARGO","41002","2¬™ RS Metropolitana","41037","Curitiba","6426204","HOSPITAL INFANTIL DOUTOR WALDEMAR MONASTIER","83601030","76416866004803","76591569000130","223415","FARMACEUTICO ANALISTA CLINICO","0202010503","DOSAGEM DE HEMOGLOBINA GLICOSILADA","999999",1,5,39.3
"41","Paran√°","410425","CAMPO MAGRO","41002","2¬™ RS Metropolitana","41037","Curitiba","5934478","UNIDADE DE SAUDE 24 HORAS SAMAMBAIA","83535000","00000000000000","01607539000176","223415","FARMACEUTICO ANALISTA CLINICO","0202010503","DOSAGEM DE HEMOGLOBINA GLICOSILADA","999999",1,100,786
"41","Paran√°","410430","CAMPO MOUR√ÉO","41011","11¬™ RS Campo Mour√£o","41005","Campo Mour√£o","0014095","CISCOMCAM","87302140","95640322000101","00000000000000","223415","FARMACEUTICO ANALISTA CLINICO","0202010503","DOSAGEM DE HEMOGLOBINA GLICOSILADA","999999",1,90,707.4
"41","Paran√°","410430","CAMPO MOUR√ÉO","41011","11¬™ RS Campo Mour√£o","41005","Campo Mour√£o","0014109","HOSPITAL SANTA CASA DE MISERICORDIA","87302215","80612294000141","00000000000000","223415","FARMACEUTICO ANALISTA CLINICO","0202010503","DOSAGEM DE HEMOGLOBINA GLICOSILADA","999999",2,2,15.72
"41","Paran√°","410430","CAMPO MOUR√ÉO","41011","11¬™ RS Campo Mour√£o","41005","Campo Mour√£o","0014206","LABORATORIO SANTA CECILIA","87302120","77200111000176","00000000000000","223415","FARMACEUTICO ANALISTA CLINICO","0202010503","DOSAGEM DE HEMOGLOBINA GLICOSILADA","999999",2,62,487.32
"41","Paran√°","410430","CAMPO MOUR√ÉO","41011","11¬™ RS Campo Mour√£o","41005","Campo Mour√£o","0014230","LABORATORIO PRONTO ANALISE DE ANALISES CLINICA","87302170","81418600000176","00000000000000","223415","FARMACEUTICO ANALISTA CLINICO","0202010503","DOSAGEM DE HEMOGLOBINA GLICOSILADA","999999",1,60,471.6
"41","Paran√°","410430","CAMPO MOUR√ÉO","41011","11¬™ RS Campo Mour√£o","41005","Campo Mour√£o","0014257","LABORATORIO SAO LUCAS","87306180","97398556000110","00000000000000","223415","FARMACEUTICO ANALISTA CLINICO","0202010503","DOSAGEM DE HEMOGLOBINA GLICOSILADA","999999",2,46,361.56
"41","Paran√°","410430","CAMPO MOUR√ÉO","41011","11¬™ RS Campo Mour√£o","41005","Campo Mour√£o","2567881","LABORATORIO DR MAURICIO","87302080","73442667000118","00000000000000","223415","FARMACEUTICO ANALISTA CLINICO","0202010503","DOSAGEM DE HEMOGLOBINA GLICOSILADA","999999",1,36,282.96
"41","Paran√°","410430","CAMPO MOUR√ÉO","41011","11¬™ RS Campo Mour√£o","41005","Campo Mour√£o","2567970","LABORATORIO DE ANALISES CLINICAS SAO GABRIEL","87300010","04758989000158","00000000000000","223415","FARMACEUTICO ANALISTA CLINICO","0202010503","DOSAGEM DE HEMOGLOBINA GLICOSILADA","999999",1,75,589.5
"41","Paran√°","410430","CAMPO MOUR√ÉO","41011","11¬™ RS Campo Mour√£o","41005","Campo Mour√£o","6730175","LABORATORIO MARCLAB","87302080","12407403000139","00000000000000","223415","FARMACEUTICO ANALISTA CLINICO","0202010503","DOSAGEM DE HEMOGLOBINA GLICOSILADA","999999",1,61,479.46
"41","Paran√°","410465","CARAMBE√ç","41003","3¬™ RS Ponta Grossa","41021","Ponta Grossa","2684462","CENTRO MUNICIPAL DE SAUDE OTAVIO PEDROSO DE OLIVEIRA","84145000","00000000000000","01613765000160","223415","FARMACEUTICO ANALISTA CLINICO","0202010503","DOSAGEM DE HEMOGLOBINA GLICOSILADA","999999",1,50,393
"41","Paran√°","410480","CASCAVEL","41010","10¬™ RS Cascavel","41023","Cascavel PR","2736659","BIOVEL LABORATORIO","85812020","04328880000180","00000000000000","223415","FARMACEUTICO ANALISTA CLINICO","0202010503","DOSAGEM DE HEMOGLOBINA GLICOSILADA","999999",1,120,943.2
"41","Paran√°","410480","CASCAVEL","41010","10¬™ RS Cascavel","41023","Cascavel PR","2737434","CEONC","85807690","72510480000141","00000000000000","223415","FARMACEUTICO ANALISTA CLINICO","0202010503","DOSAGEM DE HEMOGLOBINA GLICOSILADA","999999",1,1,7.86
"41","Paran√°","410480","CASCAVEL","41010","10¬™ RS Cascavel","41023","Cascavel PR","2737469","CISOP","85812121","00000000000000","00944673000108","223415","FARMACEUTICO ANALISTA CLINICO","0202010503","DOSAGEM DE HEMOGLOBINA GLICOSILADA","999999",1,132,1037.52
"41","Paran√°","410480","CASCAVEL","41010","10¬™ RS Cascavel","41023","Cascavel PR","2738252","HOSPITAL DO CORACAO","85807680","08911792000168","00000000000000","223415","FARMACEUTICO ANALISTA CLINICO","0202010503","DOSAGEM DE HEMOGLOBINA GLICOSILADA","999999",1,1,7.86
"41","Paran√°","410480","CASCAVEL","41010","10¬™ RS Cascavel","41023","Cascavel PR","2738309","HOSPITAL DE ENSINO SAO LUCAS","85812130","21998635000108","00000000000000","223415","FARMACEUTICO ANALISTA CLINICO","0202010503","DOSAGEM DE HEMOGLOBINA GLICOSILADA","999999",1,2,15.72
"41","Paran√°","410480","CASCAVEL","41010","10¬™ RS Cascavel","41023","Cascavel PR","2738368","HOSPITAL UNIVERSITARIO DO OESTE DO PARANA","85804260","78680337000770","00000000000000","223415","FARMACEUTICO ANALISTA CLINICO","0202010503","DOSAGEM DE HEMOGLOBINA GLICOSILADA","999999",1,90,707.4
"41","Paran√°","410480","CASCAVEL","41010","10¬™ RS Cascavel","41023","Cascavel PR","2738538","LABORATORIO CENTRAL DE CASCAVEL","85805010","00000000000000","76208867000107","223415","FARMACEUTICO ANALISTA CLINICO","0202010503","DOSAGEM DE HEMOGLOBINA GLICOSILADA","999999",1,36,282.96
"41","Paran√°","410480","CASCAVEL","41010","10¬™ RS Cascavel","41023","Cascavel PR","2738554","ALVARO CENTRO DE ANALISES E PESQUISAS CLINICAS","85807470","61486650028436","00000000000000","223415","FARMACEUTICO ANALISTA CLINICO","0202010503","DOSAGEM DE HEMOGLOBINA GLICOSILADA","999999",1,98,770.28
"41","Paran√°","410480","CASCAVEL","41010","10¬™ RS Cascavel","41023","Cascavel PR","2738600","LABORATORIO DRA VERONICA","85806000","75522912000122","00000000000000","223415","FARMACEUTICO ANALISTA CLINICO","0202010503","DOSAGEM DE HEMOGLOBINA GLICOSILADA","999999",1,24,188.64
"41","Paran√°","410480","CASCAVEL","41010","10¬™ RS Cascavel","41023","Cascavel PR","2740338","HOSPITAL DO CANCER DE CASCAVEL UOPECCAN","85806300","81270548000153","00000000000000","223415","FARMACEUTICO ANALISTA CLINICO","0202010503","DOSAGEM DE HEMOGLOBINA GLICOSILADA","410100",1,1,7.86
"41","Paran√°","410480","CASCAVEL","41010","10¬™ RS Cascavel","41023","Cascavel PR","2740338","HOSPITAL DO CANCER DE CASCAVEL UOPECCAN","85806300","81270548000153","00000000000000","223415","FARMACEUTICO ANALISTA CLINICO","0202010503","DOSAGEM DE HEMOGLOBINA GLICOSILADA","410480",3,3,23.58
"41","Paran√°","410480","CASCAVEL","41010","10¬™ RS Cascavel","41023","Cascavel PR","2740338","HOSPITAL DO CANCER DE CASCAVEL UOPECCAN","85806300","81270548000153","00000000000000","223415","FARMACEUTICO ANALISTA CLINICO","0202010503","DOSAGEM DE HEMOGLOBINA GLICOSILADA","410530",1,1,7.86
"41","Paran√°","410480","CASCAVEL","41010","10¬™ RS Cascavel","41023","Cascavel PR","2740338","HOSPITAL DO CANCER DE CASCAVEL UOPECCAN","85806300","81270548000153","00000000000000","223415","FARMACEUTICO ANALISTA CLINICO","0202010503","DOSAGEM DE HEMOGLOBINA GLICOSILADA","410660",1,1,7.86
"41","Paran√°","410480","CASCAVEL","41010","10¬™ RS Cascavel","41023","Cascavel PR","2740338","HOSPITAL DO CANCER DE CASCAVEL UOPECCAN","85806300","81270548000153","00000000000000","223415","FARMACEUTICO ANALISTA CLINICO","0202010503","DOSAGEM DE HEMOGLOBINA GLICOSILADA","410930",1,1,7.86
"41","Paran√°","410480","CASCAVEL","41010","10¬™ RS Cascavel","41023","Cascavel PR","2740338","HOSPITAL DO CANCER DE CASCAVEL UOPECCAN","85806300","81270548000153","00000000000000","223415","FARMACEUTICO ANALISTA CLINICO","0202010503","DOSAGEM DE HEMOGLOBINA GLICOSILADA","410990",1,1,7.86
"41","Paran√°","410480","CASCAVEL","41010","10¬™ RS Cascavel","41023","Cascavel PR","2740338","HOSPITAL DO CANCER DE CASCAVEL UOPECCAN","85806300","81270548000153","00000000000000","223415","FARMACEUTICO ANALISTA CLINICO","0202010503","DOSAGEM DE HEMOGLOBINA GLICOSILADA","411330",2,2,15.72
"41","Paran√°","410480","CASCAVEL","41010","10¬™ RS Cascavel","41023","Cascavel PR","2740338","HOSPITAL DO CANCER DE CASCAVEL UOPECCAN","85806300","81270548000153","00000000000000","223415","FARMACEUTICO ANALISTA CLINICO","0202010503","DOSAGEM DE HEMOGLOBINA GLICOSILADA","411510",1,1,7.86
"41","Paran√°","410480","CASCAVEL","41010","10¬™ RS Cascavel","41023","Cascavel PR","2740338","HOSPITAL DO CANCER DE CASCAVEL UOPECCAN","85806300","81270548000153","00000000000000","223415","FARMACEUTICO ANALISTA CLINICO","0202010503","DOSAGEM DE HEMOGLOBINA GLICOSILADA","411720",1,1,7.86
"41","Paran√°","410480","CASCAVEL","41010","10¬™ RS Cascavel","41023","Cascavel PR","2740338","HOSPITAL DO CANCER DE CASCAVEL UOPECCAN","85806300","81270548000153","00000000000000","223415","FARMACEUTICO ANALISTA CLINICO","0202010503","DOSAGEM DE HEMOGLOBINA GLICOSILADA","411890",1,1,7.86
"41","Paran√°","410480","CASCAVEL","41010","10¬™ RS Cascavel","41023","Cascavel PR","2740338","HOSPITAL DO CANCER DE CASCAVEL UOPECCAN","85806300","81270548000153","00000000000000","223415","FARMACEUTICO ANALISTA CLINICO","0202010503","DOSAGEM DE HEMOGLOBINA GLICOSILADA","411960",1,1,7.86
"41","Paran√°","410480","CASCAVEL","41010","10¬™ RS Cascavel","41023","Cascavel PR","2740338","HOSPITAL DO CANCER DE CASCAVEL UOPECCAN","85806300","81270548000153","00000000000000","223415","FARMACEUTICO ANALISTA CLINICO","0202010503","DOSAGEM DE HEMOGLOBINA GLICOSILADA","412350",1,1,7.86
"41","Paran√°","410480","CASCAVEL","41010","10¬™ RS Cascavel","41023","Cascavel PR","2740338","HOSPITAL DO CANCER DE CASCAVEL UOPECCAN","85806300","81270548000153","00000000000000","223415","FARMACEUTICO ANALISTA CLINICO","0202010503","DOSAGEM DE HEMOGLOBINA GLICOSILADA","412535",1,1,7.86
"41","Paran√°","410480","CASCAVEL","41010","10¬™ RS Cascavel","41023","Cascavel PR","2740338","HOSPITAL DO CANCER DE CASCAVEL UOPECCAN","85806300","81270548000153","00000000000000","223415","FARMACEUTICO ANALISTA CLINICO","0202010503","DOSAGEM DE HEMOGLOBINA GLICOSILADA","412690",1,1,7.86
"41","Paran√°","410480","CASCAVEL","41010","10¬™ RS Cascavel","41023","Cascavel PR","2740338","HOSPITAL DO CANCER DE CASCAVEL UOPECCAN","85806300","81270548000153","00000000000000","223415","FARMACEUTICO ANALISTA CLINICO","0202010503","DOSAGEM DE HEMOGLOBINA GLICOSILADA","412740",1,1,7.86
"41","Paran√°","410480","CASCAVEL","41010","10¬™ RS Cascavel","41023","Cascavel PR","2740338","HOSPITAL DO CANCER DE CASCAVEL UOPECCAN","85806300","81270548000153","00000000000000","223415","FARMACEUTICO ANALISTA CLINICO","0202010503","DOSAGEM DE HEMOGLOBINA GLICOSILADA","412810",1,1,7.86
"41","Paran√°","410480","CASCAVEL","41010","10¬™ RS Cascavel","41023","Cascavel PR","2740338","HOSPITAL DO CANCER DE CASCAVEL UOPECCAN","85806300","81270548000153","00000000000000","223415","FARMACEUTICO ANALISTA CLINICO","0202010503","DOSAGEM DE HEMOGLOBINA GLICOSILADA","412880",1,1,7.86
"41","Paran√°","410480","CASCAVEL","41010","10¬™ RS Cascavel","41023","Cascavel PR","3457443","LABORATORIO PARZIANELLO","85801050","77288215000184","00000000000000","223415","FARMACEUTICO ANALISTA CLINICO","0202010503","DOSAGEM DE HEMOGLOBINA GLICOSILADA","999999",1,82,644.52
"41","Paran√°","410490","CASTRO","41003","3¬™ RS Ponta Grossa","41021","Ponta Grossa","8000611","CASTRO UNIDADE DE ATENDIMENTO EM ESPECIALIDADES","84172000","00000000000000","77001311000108","223415","FARMACEUTICO ANALISTA CLINICO","0202010503","DOSAGEM DE HEMOGLOBINA GLICOSILADA","999999",1,153,1202.58
"41","Paran√°","410510","CENTEN√ÅRIO DO SUL","41017","17¬™ RS Londrina","41006","Astorga","2730235","UNIDADE BASICA DE SAUDE ANITA CANET","86630000","00000000000000","75845503000167","223415","FARMACEUTICO ANALISTA CLINICO","0202010503","DOSAGEM DE HEMOGLOBINA GLICOSILADA","999999",1,3,23.58
"41","Paran√°","410530","C√âU AZUL","41010","10¬™ RS Cascavel","41024","Foz do Igua√ßu","6598730","LABORATORIO BARBACELI","85840000","06238750000182","00000000000000","221205","BIOMÇDICO","0202010503","DOSAGEM DE HEMOGLOBINA GLICOSILADA","999999",1,5,39.3
"41","Paran√°","410550","CIANORTE","41013","13¬™ RS Cianorte","41003","Cianorte","2731940","CIALAB","87200320","72487242000162","00000000000000","223415","FARMACEUTICO ANALISTA CLINICO","0202010503","DOSAGEM DE HEMOGLOBINA GLICOSILADA","999999",51,106,833.16
"41","Paran√°","410550","CIANORTE","41013","13¬™ RS Cianorte","41003","Cianorte","2731967","CISCENOP","87200256","01178931000147","00000000000000","223415","FARMACEUTICO ANALISTA CLINICO","0202010503","DOSAGEM DE HEMOGLOBINA GLICOSILADA","999999",1,36,282.96
"41","Paran√°","410550","CIANORTE","41013","13¬™ RS Cianorte","41003","Cianorte","2733943","LABORATORIO CIANORTE","99999999","75782656000102","00000000000000","223415","FARMACEUTICO ANALISTA CLINICO","0202010503","DOSAGEM DE HEMOGLOBINA GLICOSILADA","999999",46,85,668.1
"41","Paran√°","410550","CIANORTE","41013","13¬™ RS Cianorte","41003","Cianorte","2734206","LABORATORIO SANTA PAULA","99999999","78191715000166","00000000000000","223415","FARMACEUTICO ANALISTA CLINICO","0202010503","DOSAGEM DE HEMOGLOBINA GLICOSILADA","999999",15,17,133.62
"41","Paran√°","410550","CIANORTE","41013","13¬™ RS Cianorte","41003","Cianorte","2735989","SANTA CASA DE CIANORTE","87200256","95641007000107","00000000000000","223415","FARMACEUTICO ANALISTA CLINICO","0202010503","DOSAGEM DE HEMOGLOBINA GLICOSILADA","410550",5,5,39.3
"41","Paran√°","410550","CIANORTE","41013","13¬™ RS Cianorte","41003","Cianorte","2735989","SANTA CASA DE CIANORTE","87200256","95641007000107","00000000000000","223415","FARMACEUTICO ANALISTA CLINICO","0202010503","DOSAGEM DE HEMOGLOBINA GLICOSILADA","411240",1,1,7.86
"41","Paran√°","410550","CIANORTE","41013","13¬™ RS Cianorte","41003","Cianorte","2735989","SANTA CASA DE CIANORTE","87200256","95641007000107","00000000000000","223415","FARMACEUTICO ANALISTA CLINICO","0202010503","DOSAGEM DE HEMOGLOBINA GLICOSILADA","412790",1,1,7.86
"41","Paran√°","410550","CIANORTE","41013","13¬™ RS Cianorte","41003","Cianorte","3340902","LABORATORIO MENINO JESUS","87200272","80909161000131","00000000000000","223415","FARMACEUTICO ANALISTA CLINICO","0202010503","DOSAGEM DE HEMOGLOBINA GLICOSILADA","999999",53,103,809.58
"41","Paran√°","410550","CIANORTE","41013","13¬™ RS Cianorte","41003","Cianorte","5711673","LABORATORIO SAO FRANCISCO","87200272","09050589000107","00000000000000","223415","FARMACEUTICO ANALISTA CLINICO","0202010503","DOSAGEM DE HEMOGLOBINA GLICOSILADA","999999",49,86,675.96
"41","Paran√°","410550","CIANORTE","41013","13¬™ RS Cianorte","41003","Cianorte","7622724","POSTO DE COLETA DO LABORATORIO BOM JESUS","87213000","18208016000230","00000000000000","223415","FARMACEUTICO ANALISTA CLINICO","0202010503","DOSAGEM DE HEMOGLOBINA GLICOSILADA","999999",6,7,55.02
"41","Paran√°","410560","CIDADE GA√öCHA","41013","13¬™ RS Cianorte","41003","Cianorte","2733188","HOSPITAL MUNICIPAL DE GAUCHA","87820000","00000000000000","75377200000167","223415","FARMACEUTICO ANALISTA CLINICO","0202010503","DOSAGEM DE HEMOGLOBINA GLICOSILADA","999999",1,1,7.86
"41","Paran√°","410580","COLOMBO","41002","2¬™ RS Metropolitana","41037","Curitiba","0014869","SANTA CASA DE COLOMBO","83414270","76212265000115","00000000000000","221205","BIOMÇDICO","0202010503","DOSAGEM DE HEMOGLOBINA GLICOSILADA","999999",1,15,117.9
"41","Paran√°","410580","COLOMBO","41002","2¬™ RS Metropolitana","41037","Curitiba","0014982","METROLAB","83414190","03121939000100","00000000000000","223415","FARMACEUTICO ANALISTA CLINICO","0202010503","DOSAGEM DE HEMOGLOBINA GLICOSILADA","999999",1,296,2326.56
"41","Paran√°","410580","COLOMBO","41002","2¬™ RS Metropolitana","41037","Curitiba","2753324","LABORATORIO SANGUEVIDA","83408220","82411349000180","00000000000000","223415","FARMACEUTICO ANALISTA CLINICO","0202010503","DOSAGEM DE HEMOGLOBINA GLICOSILADA","999999",1,64,503.04
"41","Paran√°","410580","COLOMBO","41002","2¬™ RS Metropolitana","41037","Curitiba","3984885","LABAN COLOMBO","83402000","72082043000417","72082043000174","223415","FARMACEUTICO ANALISTA CLINICO","0202010503","DOSAGEM DE HEMOGLOBINA GLICOSILADA","999999",1,355,2790.3
"41","Paran√°","410580","COLOMBO","41002","2¬™ RS Metropolitana","41037","Curitiba","4052153","CLINILAB LABORATORIO DE ANALISES CLINICAS","83408000","01132716000105","00000000000000","223415","FARMACEUTICO ANALISTA CLINICO","0202010503","DOSAGEM DE HEMOGLOBINA GLICOSILADA","999999",1,480,3772.8
"41","Paran√°","410640","CORN√âLIO PROC√ìPIO","41018","18¬™ RS Corn√©lio Proc√≥pio","41015","Corn.Proc√≥pio","2582163","CISNOP","86300000","00126737000155","00000000000000","223415","FARMACEUTICO ANALISTA CLINICO","0202010503","DOSAGEM DE HEMOGLOBINA GLICOSILADA","999999",1,0,0
"41","Paran√°","410660","CRUZEIRO DO OESTE","41012","12¬™ RS Umuarama","41002","Umuarama","2738562","LABORATORIO ANA CRISTINA","87400000","08399202000160","00000000000000","223415","FARMACEUTICO ANALISTA CLINICO","0202010503","DOSAGEM DE HEMOGLOBINA GLICOSILADA","999999",38,70,550.2
"41","Paran√°","410680","CRUZ MACHADO","41006","6¬™ RS Uni√£o da Vit√≥ria","41033","Uni√£o Vit√≥ria","2549433","LABORCLIM","84620000","02044018000110","00000000000000","223415","FARMACEUTICO ANALISTA CLINICO","0202010503","DOSAGEM DE HEMOGLOBINA GLICOSILADA","999999",1,3,23.58
"41","Paran√°","410685","CRUZMALTINA","41022","22¬™ RS Ivaipor√£","41012","Faxinal","3582426","LABORATORIO DE ANALISES CLINICAS JOAO ADROALDO","86855000","07175889000197","00000000000000","223415","FARMACEUTICO ANALISTA CLINICO","0202010503","DOSAGEM DE HEMOGLOBINA GLICOSILADA","999999",1,78,613.08
"41","Paran√°","410690","CURITIBA","41002","2¬™ RS Metropolitana","41037","Curitiba","0015245","HOSPITAL UNIVERSITARIO EVANGELICO DE CURITIBA HUEC","80730150","76575604000209","00000000000000","223415","FARMACEUTICO ANALISTA CLINICO","0202010503","DOSAGEM DE HEMOGLOBINA GLICOSILADA","999999",2,358,2813.88
"41","Paran√°","410690","CURITIBA","41002","2¬™ RS Metropolitana","41037","Curitiba","0015334","HOSPITAL SANTA CASA DE CURITIBA","80010030","76613835000189","00000000000000","223415","FARMACEUTICO ANALISTA CLINICO","0202010503","DOSAGEM DE HEMOGLOBINA GLICOSILADA","999999",55,206,1619.16
"41","Paran√°","410690","CURITIBA","41002","2¬™ RS Metropolitana","41037","Curitiba","0015369","HOSPITAL DO TRABALHADOR","81050000","76416866000816","78350188000195","225140","MEDICO DO TRABALHO","0202010503","DOSAGEM DE HEMOGLOBINA GLICOSILADA","999999",1,7,55.02
"41","Paran√°","410690","CURITIBA","41002","2¬™ RS Metropolitana","41037","Curitiba","0015407","HOSPITAL UNIVERSITARIO CAJURU","80050350","76659820000232","00000000000000","223415","FARMACEUTICO ANALISTA CLINICO","0202010503","DOSAGEM DE HEMOGLOBINA GLICOSILADA","999999",24,29,227.94
"41","Paran√°","410690","CURITIBA","41002","2¬™ RS Metropolitana","41037","Curitiba","0015423","CRUZ VERMELHA BRASILEIRA FILIAL DO ESTADO DO PARANA","80420011","07404052000172","00000000000000","223415","FARMACEUTICO ANALISTA CLINICO","0202010503","DOSAGEM DE HEMOGLOBINA GLICOSILADA","999999",3,333,2617.38
"41","Paran√°","410690","CURITIBA","41002","2¬™ RS Metropolitana","41037","Curitiba","0015563","HOSPITAL INFANTIL PEQUENO PRINCIPE","80250060","76591569000130","00000000000000","223415","FARMACEUTICO ANALISTA CLINICO","0202010503","DOSAGEM DE HEMOGLOBINA GLICOSILADA","999999",1,31,243.66
"41","Paran√°","410690","CURITIBA","41002","2¬™ RS Metropolitana","41037","Curitiba","0015644","HOSPITAL ERASTO GAERTNER","81520060","76591049000128","00000000000000","223415","FARMACEUTICO ANALISTA CLINICO","0202010503","DOSAGEM DE HEMOGLOBINA GLICOSILADA","999999",1,2,15.72
"41","Paran√°","410690","CURITIBA","41002","2¬™ RS Metropolitana","41037","Curitiba","0015989","LABORATORIO OSVALDO ZORNIG LTDA","81305000","76614999000120","00000000000000","223415","FARMACEUTICO ANALISTA CLINICO","0202010503","DOSAGEM DE HEMOGLOBINA GLICOSILADA","999999",1,4588,36061.68
"41","Paran√°","410690","CURITIBA","41002","2¬™ RS Metropolitana","41037","Curitiba","0015997","IZA LABORATORIO","80010010","76631985000115","00000000000000","223415","FARMACEUTICO ANALISTA CLINICO","0202010503","DOSAGEM DE HEMOGLOBINA GLICOSILADA","999999",1,14,110.04
"41","Paran√°","410690","CURITIBA","41002","2¬™ RS Metropolitana","41037","Curitiba","0016101","LABORATORIO DE ANALISES CLINICAS SAO PAULO","80220000","77068666000106","00000000000000","223415","FARMACEUTICO ANALISTA CLINICO","0202010503","DOSAGEM DE HEMOGLOBINA GLICOSILADA","999999",1,26,204.36
"41","Paran√°","410690","CURITIBA","41002","2¬™ RS Metropolitana","41037","Curitiba","2384299","HOSPITAL DE CLINICAS","80060900","75095679000220","75095679000149","223415","FARMACEUTICO ANALISTA CLINICO","0202010503","DOSAGEM DE HEMOGLOBINA GLICOSILADA","999999",2,1171,9204.06
"41","Paran√°","410690","CURITIBA","41002","2¬™ RS Metropolitana","41037","Curitiba","2640228","LABORATORIO DANTAS MATRIZ","81150050","79807178000107","00000000000000","223415","FARMACEUTICO ANALISTA CLINICO","0202010503","DOSAGEM DE HEMOGLOBINA GLICOSILADA","999999",1,4480,35212.8
"41","Paran√°","410690","CURITIBA","41002","2¬™ RS Metropolitana","41037","Curitiba","2715880","LABORATORIO SAO LUCAS SEDE","80035000","76006105000110","00000000000000","223415","FARMACEUTICO ANALISTA CLINICO","0202010503","DOSAGEM DE HEMOGLOBINA GLICOSILADA","999999",1,53,416.58
"41","Paran√°","410690","CURITIBA","41002","2¬™ RS Metropolitana","41037","Curitiba","3075516","HOSPITAL SAO VICENTE","80420010","81190449000242","00000000000000","223415","FARMACEUTICO ANALISTA CLINICO","0202010503","DOSAGEM DE HEMOGLOBINA GLICOSILADA","999999",3,32,251.52
"41","Paran√°","410690","CURITIBA","41002","2¬™ RS Metropolitana","41037","Curitiba","3251527","VICENLAB MATRIZ","80420010","03771874000130","00000000000000","223415","FARMACEUTICO ANALISTA CLINICO","0202010503","DOSAGEM DE HEMOGLOBINA GLICOSILADA","999999",1,49,385.14
"41","Paran√°","410690","CURITIBA","41002","2¬™ RS Metropolitana","41037","Curitiba","6388671","HOSPITAL DO IDOSO ZILDA ARNS","81110522","00000000000000","14814139000183","223415","FARMACEUTICO ANALISTA CLINICO","0202010503","DOSAGEM DE HEMOGLOBINA GLICOSILADA","999999",1,183,1438.38
"41","Paran√°","410720","DOIS VIZINHOS","41008","8¬™ RS Francisco Beltr√£o","41026","Franc.Beltr√£o","2666618","NIS II","85660000","00000000000000","08889455000111","223415","FARMACEUTICO ANALISTA CLINICO","0202010503","DOSAGEM DE HEMOGLOBINA GLICOSILADA","999999",43,61,479.46
"41","Paran√°","410765","FAZENDA RIO GRANDE","41002","2¬™ RS Metropolitana","41037","Curitiba","0029025","BIOLAG ANALISES CLINICAS","83833056","05309820000183","00000000000000","223415","FARMACEUTICO ANALISTA CLINICO","0202010503","DOSAGEM DE HEMOGLOBINA GLICOSILADA","999999",1,80,628.8
"41","Paran√°","410765","FAZENDA RIO GRANDE","41002","2¬™ RS Metropolitana","41037","Curitiba","3007030","LABORATORIO RIO FARMA LTDA ME","83833008","00580888000189","00000000000000","223415","FARMACEUTICO ANALISTA CLINICO","0202010503","DOSAGEM DE HEMOGLOBINA GLICOSILADA","999999",1,10,78.6
"41","Paran√°","410773","FERNANDES PINHEIRO","41004","4¬™ RS Irati","41031","Prudent√≥polis","6092268","CENTRO DE SAUDE DA FAMILIA","84535000","00000000000000","01619323000120","223415","FARMACEUTICO ANALISTA CLINICO","0202010503","DOSAGEM DE HEMOGLOBINA GLICOSILADA","999999",1,20,157.2
"41","Paran√°","410830","FOZ DO IGUA√áU","41009","9¬™ RS Foz do Igua√ßu","41024","Foz do Igua√ßu","2591049","HOSPITAL MINISTRO COSTA CAVALCANTI","85860460","00304148000110","00000000000000","223415","FARMACEUTICO ANALISTA CLINICO","0202010503","DOSAGEM DE HEMOGLOBINA GLICOSILADA","999999",2,3,23.58
"41","Paran√°","410830","FOZ DO IGUA√áU","41009","9¬™ RS Foz do Igua√ßu","41024","Foz do Igua√ßu","2593939","CENTRO DE ESPECIALIDADES MEDICAS","85863720","00000000000000","76206606000140","221205","BIOMÇDICO","0202010503","DOSAGEM DE HEMOGLOBINA GLICOSILADA","999999",1,1049,8245.14
"41","Paran√°","410830","FOZ DO IGUA√áU","41009","9¬™ RS Foz do Igua√ßu","41024","Foz do Igua√ßu","2673827","NEFROCLINICA DE FOZ DO IGUACU","85851090","84926435000151","00000000000000","223415","FARMACEUTICO ANALISTA CLINICO","0202010503","DOSAGEM DE HEMOGLOBINA GLICOSILADA","411095",1,1,7.86
"41","Paran√°","410840","FRANCISCO BELTR√ÉO","41008","8¬™ RS Francisco Beltr√£o","41026","Franc.Beltr√£o","2666766","LABORATORIO SAO LUCAS","85601020","78677101000199","00000000000000","223415","FARMACEUTICO ANALISTA CLINICO","0202010503","DOSAGEM DE HEMOGLOBINA GLICOSILADA","999999",1,50,393
"41","Paran√°","410840","FRANCISCO BELTR√ÉO","41008","8¬™ RS Francisco Beltr√£o","41026","Franc.Beltr√£o","2666936","LABORATORIO BIO EXAME","85601020","00775034000158","00000000000000","223415","FARMACEUTICO ANALISTA CLINICO","0202010503","DOSAGEM DE HEMOGLOBINA GLICOSILADA","999999",1,33,259.38
"41","Paran√°","410840","FRANCISCO BELTR√ÉO","41008","8¬™ RS Francisco Beltr√£o","41026","Franc.Beltr√£o","5991080","VITTALAB ANALISES CLINICAS","85605040","09591919000171","00000000000000","221205","BIOMÇDICO","0202010503","DOSAGEM DE HEMOGLOBINA GLICOSILADA","999999",1,23,180.78
"41","Paran√°","410840","FRANCISCO BELTR√ÉO","41008","8¬™ RS Francisco Beltr√£o","41026","Franc.Beltr√£o","6194826","UNIVERSIDADE PARANAENSE UNIPAR","85601000","00000000000000","75517151000706","221205","BIOMÇDICO","0202010503","DOSAGEM DE HEMOGLOBINA GLICOSILADA","999999",1,26,204.36
"41","Paran√°","410840","FRANCISCO BELTR√ÉO","41008","8¬™ RS Francisco Beltr√£o","41026","Franc.Beltr√£o","6424341","HOSPITAL REGIONAL DO SUDOESTE WALTER ALBERTO PECOITS F B","85601000","76416866004560","00333678000196","223415","FARMACEUTICO ANALISTA CLINICO","0202010503","DOSAGEM DE HEMOGLOBINA GLICOSILADA","999999",1,11,86.46
"41","Paran√°","410840","FRANCISCO BELTR√ÉO","41008","8¬™ RS Francisco Beltr√£o","41026","Franc.Beltr√£o","7098634","LABORATORIO SANTA CLARA","85603380","15356701000135","00000000000000","223415","FARMACEUTICO ANALISTA CLINICO","0202010503","DOSAGEM DE HEMOGLOBINA GLICOSILADA","999999",1,27,212.22
"41","Paran√°","410840","FRANCISCO BELTR√ÉO","41008","8¬™ RS Francisco Beltr√£o","41026","Franc.Beltr√£o","7524242","LABORATORIO BIOANALISES","85604020","17932467000172","00000000000000","221205","BIOMÇDICO","0202010503","DOSAGEM DE HEMOGLOBINA GLICOSILADA","410840",28,28,220.08
"41","Paran√°","410850","GENERAL CARNEIRO","41006","6¬™ RS Uni√£o da Vit√≥ria","41033","Uni√£o Vit√≥ria","2536900","ASSOCIACAO HOSPITALAR BENIFICIENTE DR REGIS MARIGLIANI","84660000","15232872000152","00000000000000","223415","FARMACEUTICO ANALISTA CLINICO","0202010503","DOSAGEM DE HEMOGLOBINA GLICOSILADA","999999",1,28,220.08
"41","Paran√°","410860","GOIOER√ä","41011","11¬™ RS Campo Mour√£o","41004","Goioer√™","2733927","LABORATORIO BIOCLINICO DE GOIOERE","87360000","80900426000130","00000000000000","223415","FARMACEUTICO ANALISTA CLINICO","0202010503","DOSAGEM DE HEMOGLOBINA GLICOSILADA","999999",1,18,141.48
"41","Paran√°","410895","GUAMIRANGA","41004","4¬™ RS Irati","41031","Prudent√≥polis","2398249","DEPARTAMENTO MUN DE SAUDE E ASSISTENCIA SOCIAL","84435000","00000000000000","01616255000146","223415","FARMACEUTICO ANALISTA CLINICO","0202010503","DOSAGEM DE HEMOGLOBINA GLICOSILADA","999999",1,9,70.74
"41","Paran√°","410940","GUARAPUAVA","41005","5¬™ RS Guarapuava","41029","Guarapuava","2741385","BIOCLIN LABORATORIO CLINICO","85010000","77118826000184","00000000000000","223415","FARMACEUTICO ANALISTA CLINICO","0202010503","DOSAGEM DE HEMOGLOBINA GLICOSILADA","999999",1,134,1053.24
"41","Paran√°","410940","GUARAPUAVA","41005","5¬™ RS Guarapuava","41029","Guarapuava","2742187","LABORATORIO BIOLAB","85010290","75642793000141","00000000000000","223415","FARMACEUTICO ANALISTA CLINICO","0202010503","DOSAGEM DE HEMOGLOBINA GLICOSILADA","999999",1,40,314.4
"41","Paran√°","410940","GUARAPUAVA","41005","5¬™ RS Guarapuava","41029","Guarapuava","2742217","LABORATORIO SANTA MONICA","85010060","07576439000106","00000000000000","223415","FARMACEUTICO ANALISTA CLINICO","0202010503","DOSAGEM DE HEMOGLOBINA GLICOSILADA","999999",1,67,526.62
"41","Paran√°","410940","GUARAPUAVA","41005","5¬™ RS Guarapuava","41029","Guarapuava","3634949","CISGAP","85010280","07540117000107","00000000000000","223415","FARMACEUTICO ANALISTA CLINICO","0202010503","DOSAGEM DE HEMOGLOBINA GLICOSILADA","999999",1,39,306.54
"41","Paran√°","410940","GUARAPUAVA","41005","5¬™ RS Guarapuava","41029","Guarapuava","6863361","GOES GOES","85010120","13509824000133","00000000000000","223415","FARMACEUTICO ANALISTA CLINICO","0202010503","DOSAGEM DE HEMOGLOBINA GLICOSILADA","999999",1,38,298.68
"41","Paran√°","410960","GUARATUBA","41001","1¬™ RS Paranagu√°","41038","Paranagu√°","2680858","LANACLIN","83280000","85462554000163","00000000000000","223415","FARMACEUTICO ANALISTA CLINICO","0202010503","DOSAGEM DE HEMOGLOBINA GLICOSILADA","999999",2,139,1092.54
"41","Paran√°","410960","GUARATUBA","41001","1¬™ RS Paranagu√°","41038","Paranagu√°","5030862","NEWLAB LABORATORIO DE ANALISES CLINICAS","83280000","07932374000194","00000000000000","223415","FARMACEUTICO ANALISTA CLINICO","0202010503","DOSAGEM DE HEMOGLOBINA GLICOSILADA","999999",1,72,565.92
"41","Paran√°","410965","HON√ìRIO SERPA","41007","7¬™ RS Pato Branco","41030","Palmas","2738163","CENTRO DE SAUDE 24 HORAS CRISTO REI","85548000","00000000000000","95585444000142","223415","FARMACEUTICO ANALISTA CLINICO","0202010503","DOSAGEM DE HEMOGLOBINA GLICOSILADA","999999",15,10,78.6
"41","Paran√°","410970","IBAITI","41019","19¬™ RS Jacarezinho","41017","Ibaiti","4053214","FUNDACAO HOSPITALAR DE SAUDE MUNICIPAL DE IBAITI","84900000","00000000000000","77008068000141","223415","FARMACEUTICO ANALISTA CLINICO","0202010503","DOSAGEM DE HEMOGLOBINA GLICOSILADA","999999",1,28,220.08
"41","Paran√°","410980","IBIPOR√É","41017","17¬™ RS Londrina","41011","Londrina","2729687","LABORATORIO CARLOS CHAGAS","86200000","77214807000151","00000000000000","223415","FARMACEUTICO ANALISTA CLINICO","0202010503","DOSAGEM DE HEMOGLOBINA GLICOSILADA","999999",1,4,31.44
"41","Paran√°","410980","IBIPOR√É","41017","17¬™ RS Londrina","41011","Londrina","2729733","LABORATORIO DE ANALISES CLINICAS IBIPORA","86200000","78458387000111","00000000000000","223415","FARMACEUTICO ANALISTA CLINICO","0202010503","DOSAGEM DE HEMOGLOBINA GLICOSILADA","999999",1,54,424.44
"41","Paran√°","410980","IBIPOR√É","41017","17¬™ RS Londrina","41011","Londrina","7347685","LABORATORIO MUNICIPAL DE IBIPORA","86200000","00000000000000","76244961000103","223415","FARMACEUTICO ANALISTA CLINICO","0202010503","DOSAGEM DE HEMOGLOBINA GLICOSILADA","999999",1,0,0
"41","Paran√°","410990","ICARA√çMA","41012","12¬™ RS Umuarama","41002","Umuarama","3122190","LABORATORIO OSWALDO CRUZ","87530000","07783149000133","00000000000000","223415","FARMACEUTICO ANALISTA CLINICO","0202010503","DOSAGEM DE HEMOGLOBINA GLICOSILADA","999999",8,9,70.74
"41","Paran√°","410990","ICARA√çMA","41012","12¬™ RS Umuarama","41002","Umuarama","3122204","LABORATORIO MULT TEST","87530000","02195944000197","00000000000000","223415","FARMACEUTICO ANALISTA CLINICO","0202010503","DOSAGEM DE HEMOGLOBINA GLICOSILADA","999999",6,8,62.88
"41","Paran√°","411007","IMBA√ö","41021","21¬™ RS Tel√™maco Borba","41019","Tel√™maco Borba","2740508","CENTRO DE SAUDE DEPUTADO ELIAS ABRAAO","84250000","00000000000000","01613770000172","223415","FARMACEUTICO ANALISTA CLINICO","0202010503","DOSAGEM DE HEMOGLOBINA GLICOSILADA","999999",1,7,55.02
"41","Paran√°","411010","IMBITUVA","41004","4¬™ RS Irati","41031","Prudent√≥polis","2423642","CENTRO DE CHECK UP LABORATORIO","84430000","77693075000120","00000000000000","223415","FARMACEUTICO ANALISTA CLINICO","0202010503","DOSAGEM DE HEMOGLOBINA GLICOSILADA","999999",1,30,235.8
"41","Paran√°","411070","IRATI","41004","4¬™ RS Irati","41032","Irati","2502305","CENTRO DE ATENDIMENTO ILDEFONSO ZANETTI","84500000","00000000000000","75654574000182","223415","FARMACEUTICO ANALISTA CLINICO","0202010503","DOSAGEM DE HEMOGLOBINA GLICOSILADA","999999",1,1,7.86
"41","Paran√°","411070","IRATI","41004","4¬™ RS Irati","41032","Irati","2517450","CISAMCESPAR","84500000","00358098000153","00000000000000","223415","FARMACEUTICO ANALISTA CLINICO","0202010503","DOSAGEM DE HEMOGLOBINA GLICOSILADA","999999",1,200,1572
"41","Paran√°","411070","IRATI","41004","4¬™ RS Irati","41032","Irati","2554054","VITALLE LABORATO ANALIDES CLINICAS SC LTDA","84500000","02745683000131","00000000000000","223415","FARMACEUTICO ANALISTA CLINICO","0202010503","DOSAGEM DE HEMOGLOBINA GLICOSILADA","999999",1,18,141.48
"41","Paran√°","411150","IVAIPOR√É","41022","22¬™ RS Ivaipor√£","41013","Ivaipor√£","2590190","LABORATORIO CENTRAL DE IVAIPORA","86870000","77649713000105","00000000000000","223415","FARMACEUTICO ANALISTA CLINICO","0202010503","DOSAGEM DE HEMOGLOBINA GLICOSILADA","999999",1,50,393
"41","Paran√°","411150","IVAIPOR√É","41022","22¬™ RS Ivaipor√£","41013","Ivaipor√£","2590239","LABORATORIO MODELO","86870000","78600517000109","00000000000000","223415","FARMACEUTICO ANALISTA CLINICO","0202010503","DOSAGEM DE HEMOGLOBINA GLICOSILADA","999999",1,23,180.78
"41","Paran√°","411155","IVAT√â","41012","12¬™ RS Umuarama","41002","Umuarama","5854199","IVALAB LABORATORIO DE ANALISES CLINICAS LTDA","87525000","07824749000100","00000000000000","223415","FARMACEUTICO ANALISTA CLINICO","0202010503","DOSAGEM DE HEMOGLOBINA GLICOSILADA","999999",1,24,188.64
"41","Paran√°","411180","JACAREZINHO","41019","19¬™ RS Jacarezinho","41016","Jacarezinho","2780143","CISNORPI","86400000","00476612000155","00000000000000","223415","FARMACEUTICO ANALISTA CLINICO","0202010503","DOSAGEM DE HEMOGLOBINA GLICOSILADA","999999",1,163,1281.18
"41","Paran√°","411180","JACAREZINHO","41019","19¬™ RS Jacarezinho","41016","Jacarezinho","2782197","LABORATORIO DE ANALISES CLINICAS NESPOLI","86400000","78960028000168","00000000000000","221205","BIOMÇDICO","0202010503","DOSAGEM DE HEMOGLOBINA GLICOSILADA","999999",1,8,62.88
"41","Paran√°","411210","JANDAIA DO SUL","41016","16¬™ RS Apucarana","41010","Apucarana","2573326","PRONTO ATENDIMENTO MUNICIPAL","86900000","00000000000000","75771204000125","223415","FARMACEUTICO ANALISTA CLINICO","0202010503","DOSAGEM DE HEMOGLOBINA GLICOSILADA","999999",1,20,157.2
"41","Paran√°","411220","JANI√ìPOLIS","41011","11¬™ RS Campo Mour√£o","41004","Goioer√™","3949516","CLINIANALISS","87380000","07912100000133","00000000000000","221205","BIOMÇDICO","0202010503","DOSAGEM DE HEMOGLOBINA GLICOSILADA","999999",1,7,55.02
"41","Paran√°","411320","LAPA","41002","2¬™ RS Metropolitana","41036","Lapa","0017728","LABORATORIO DE ANALISES CLINICAS BECKER LTDA","83750000","78475902000171","00000000000000","223415","FARMACEUTICO ANALISTA CLINICO","0202010503","DOSAGEM DE HEMOGLOBINA GLICOSILADA","999999",1,180,1414.8
"41","Paran√°","411370","LONDRINA","41017","17¬™ RS Londrina","41011","Londrina","2550792","HOSPITAL EVANGELICO DE LONDRINA","86015900","78613841000161","00000000000000","225125","MEDICO CLINICO","0202010503","DOSAGEM DE HEMOGLOBINA GLICOSILADA","999999",1,1,7.86
"41","Paran√°","411370","LONDRINA","41017","17¬™ RS Londrina","41011","Londrina","2577623","HCL HOSPITAL DO CANCER DE LONDRINA","86015520","78633088000176","00000000000000","223415","FARMACEUTICO ANALISTA CLINICO","0202010503","DOSAGEM DE HEMOGLOBINA GLICOSILADA","999999",1,2,15.72
"41","Paran√°","411370","LONDRINA","41017","17¬™ RS Londrina","41011","Londrina","2577674","LABORATORIO OSWALDO CRUZ","86010640","77325488000151","00000000000000","223415","FARMACEUTICO ANALISTA CLINICO","0202010503","DOSAGEM DE HEMOGLOBINA GLICOSILADA","999999",1,12,94.32
"41","Paran√°","411370","LONDRINA","41017","17¬™ RS Londrina","41011","Londrina","2577763","HOSPITAL DOUTOR EULALINO IGNACIO DE ANDRADE HZS","86042190","76416866003670","00445188000181","223415","FARMACEUTICO ANALISTA CLINICO","0202010503","DOSAGEM DE HEMOGLOBINA GLICOSILADA","999999",1,35,275.1
"41","Paran√°","411370","LONDRINA","41017","17¬™ RS Londrina","41011","Londrina","2577984","CISMEPAR","86020120","00000000000000","00445188000181","223415","FARMACEUTICO ANALISTA CLINICO","0202010503","DOSAGEM DE HEMOGLOBINA GLICOSILADA","999999",1,314,2468.04
"41","Paran√°","411370","LONDRINA","41017","17¬™ RS Londrina","41011","Londrina","2578247","LAB IMAGEM DIAGNOSTICO AVANCADO EM MEDICINA","86010020","77348738000179","00000000000000","225335","MEDICO PATOLOGISTA CLINICO  MEDICINA LABORATORIAL","0202010503","DOSAGEM DE HEMOGLOBINA GLICOSILADA","999999",1,81,636.66
"41","Paran√°","411370","LONDRINA","41017","17¬™ RS Londrina","41011","Londrina","2578441","DAVITA","86015000","80925423000151","00000000000000","225335","MEDICO PATOLOGISTA CLINICO  MEDICINA LABORATORIAL","0202010503","DOSAGEM DE HEMOGLOBINA GLICOSILADA","410080",1,1,7.86
"41","Paran√°","411370","LONDRINA","41017","17¬™ RS Londrina","41011","Londrina","2578441","DAVITA","86015000","80925423000151","00000000000000","225335","MEDICO PATOLOGISTA CLINICO  MEDICINA LABORATORIAL","0202010503","DOSAGEM DE HEMOGLOBINA GLICOSILADA","411370",2,2,15.72
"41","Paran√°","411370","LONDRINA","41017","17¬™ RS Londrina","41011","Londrina","2578441","DAVITA","86015000","80925423000151","00000000000000","225335","MEDICO PATOLOGISTA CLINICO  MEDICINA LABORATORIAL","0202010503","DOSAGEM DE HEMOGLOBINA GLICOSILADA","412240",1,1,7.86
"41","Paran√°","411370","LONDRINA","41017","17¬™ RS Londrina","41011","Londrina","2578506","HOFTALON HOSPITAL DE OLHOS","86010160","07194341000194","00000000000000","225335","MEDICO PATOLOGISTA CLINICO  MEDICINA LABORATORIAL","0202010503","DOSAGEM DE HEMOGLOBINA GLICOSILADA","999999",1,3,23.58
"41","Paran√°","411370","LONDRINA","41017","17¬™ RS Londrina","41011","Londrina","2578670","HOSPITAL DOUTOR ANIZIO FIGUEIREDO HZN","86084600","76416866003750","00445188000181","223415","FARMACEUTICO ANALISTA CLINICO","0202010503","DOSAGEM DE HEMOGLOBINA GLICOSILADA","999999",1,1,7.86
"41","Paran√°","411370","LONDRINA","41017","17¬™ RS Londrina","41011","Londrina","2579227","CENTROLAB","86010190","00000000000000","75771477000170","221105","BIOLOGO  ANALISTA DE MICROBIOS BIOLOGISTA BIOMEDICO CITO","0202010503","DOSAGEM DE HEMOGLOBINA GLICOSILADA","999999",1,4302,33813.72
"41","Paran√°","411370","LONDRINA","41017","17¬™ RS Londrina","41011","Londrina","2580055","ISCAL","86010450","78614971000461","00000000000000","223415","FARMACEUTICO ANALISTA CLINICO","0202010503","DOSAGEM DE HEMOGLOBINA GLICOSILADA","999999",2,37,290.82
"41","Paran√°","411370","LONDRINA","41017","17¬™ RS Londrina","41011","Londrina","2591154","LABORATORIO LONDRINA","86010510","03270367000113","00000000000000","223415","FARMACEUTICO ANALISTA CLINICO","0202010503","DOSAGEM DE HEMOGLOBINA GLICOSILADA","999999",1,48,377.28
"41","Paran√°","411370","LONDRINA","41017","17¬™ RS Londrina","41011","Londrina","2781859","HOSPITAL UNIVERSITARIO REGIONAL DO NORTE DO PARANA","86038440","78640489000315","78640489000153","221205","BIOMÇDICO","0202010503","DOSAGEM DE HEMOGLOBINA GLICOSILADA","999999",1,610,4794.6
"41","Paran√°","411370","LONDRINA","41017","17¬™ RS Londrina","41011","Londrina","2781859","HOSPITAL UNIVERSITARIO REGIONAL DO NORTE DO PARANA","86038440","78640489000315","78640489000153","223415","FARMACEUTICO ANALISTA CLINICO","0202010503","DOSAGEM DE HEMOGLOBINA GLICOSILADA","999999",1,25,196.5
"41","Paran√°","411370","LONDRINA","41017","17¬™ RS Londrina","41011","Londrina","5905605","CAD CENTRO AVANCADO EM DIAGNOSTICO","86010630","07466328000147","00000000000000","223415","FARMACEUTICO ANALISTA CLINICO","0202010503","DOSAGEM DE HEMOGLOBINA GLICOSILADA","999999",1,8,62.88
"41","Paran√°","411373","LUIZIANA","41011","11¬™ RS Campo Mour√£o","41005","Campo Mour√£o","2733919","LABOMAR LABORATORIO DE ANALISES CLINICA","87290000","07243167000122","00000000000000","223415","FARMACEUTICO ANALISTA CLINICO","0202010503","DOSAGEM DE HEMOGLOBINA GLICOSILADA","999999",1,2,15.72
"41","Paran√°","411400","MAMBOR√ä","41011","11¬™ RS Campo Mour√£o","41005","Campo Mour√£o","2734214","LABORATORIO SANTA RITA","87340000","78195054000147","00000000000000","223415","FARMACEUTICO ANALISTA CLINICO","0202010503","DOSAGEM DE HEMOGLOBINA GLICOSILADA","999999",1,40,314.4
"41","Paran√°","411400","MAMBOR√ä","41011","11¬™ RS Campo Mour√£o","41005","Campo Mour√£o","2734222","LABORATORIO SANTA ROSA","87340000","01987712000109","00000000000000","223415","FARMACEUTICO ANALISTA CLINICO","0202010503","DOSAGEM DE HEMOGLOBINA GLICOSILADA","999999",2,37,290.82
"41","Paran√°","411420","MANDAGUARI","41015","15¬™ RS Maring√°","41009","Maring√°","2585782","LABORATORIO DE ANALISES CLINICAS CRISTO REI LTDA","86975000","00892279000165","00000000000000","223415","FARMACEUTICO ANALISTA CLINICO","0202010503","DOSAGEM DE HEMOGLOBINA GLICOSILADA","999999",1,48,377.28
"41","Paran√°","411420","MANDAGUARI","41015","15¬™ RS Maring√°","41009","Maring√°","2585847","PRONTO ATENDIMENTO MUNICIPAL","86975000","00000000000000","76285345000109","223415","FARMACEUTICO ANALISTA CLINICO","0202010503","DOSAGEM DE HEMOGLOBINA GLICOSILADA","999999",1,19,149.34
"41","Paran√°","411430","MANDIRITUBA","41002","2¬™ RS Metropolitana","41037","Curitiba","0017779","HOSPITAL MUNICIPAL DE MANDIRITUBA","83800000","00000000000000","76105550000137","223415","FARMACEUTICO ANALISTA CLINICO","0202010503","DOSAGEM DE HEMOGLOBINA GLICOSILADA","999999",1,16,125.76
"41","Paran√°","411510","MARILUZ","41012","12¬™ RS Umuarama","41002","Umuarama","2737280","UNIDADE DE SAUDE JOAQUIM LOPES GUTIERREZ","87470000","00000000000000","76404136000129","223415","FARMACEUTICO ANALISTA CLINICO","0202010503","DOSAGEM DE HEMOGLOBINA GLICOSILADA","999999",1,17,133.62
"41","Paran√°","411520","MARING√Å","41015","15¬™ RS Maring√°","41009","Maring√°","2586169","HOSPITAL DO CANCER DE MARINGA","87015000","78189537000139","00000000000000","223415","FARMACEUTICO ANALISTA CLINICO","0202010503","DOSAGEM DE HEMOGLOBINA GLICOSILADA","999999",1,4,31.44
"41","Paran√°","411520","MARING√Å","41015","15¬™ RS Maring√°","41009","Maring√°","2587335","HOSPITAL UNIVERSITARIO REGIONAL DE MARINGA","87083170","00000000000000","79151312000156","223415","FARMACEUTICO ANALISTA CLINICO","0202010503","DOSAGEM DE HEMOGLOBINA GLICOSILADA","999999",1,37,290.82
"41","Paran√°","411520","MARING√Å","41015","15¬™ RS Maring√°","41009","Maring√°","2594714","HOSPITAL E MATERNIDADE MARIA AUXILIADORA","87050100","79115762000193","00000000000000","223415","FARMACEUTICO ANALISTA CLINICO","0202010503","DOSAGEM DE HEMOGLOBINA GLICOSILADA","999999",1,21,165.06
"41","Paran√°","411520","MARING√Å","41015","15¬™ RS Maring√°","41009","Maring√°","2743469","HOSPITAL E MATERNIDADE SANTA RITA","87015290","04792670000149","00000000000000","225335","MEDICO PATOLOGISTA CLINICO  MEDICINA LABORATORIAL","0202010503","DOSAGEM DE HEMOGLOBINA GLICOSILADA","999999",1,11,86.46
"41","Paran√°","411520","MARING√Å","41015","15¬™ RS Maring√°","41009","Maring√°","5390133","LABORATORIO MUNICIPAL DE ANALISES CLINICAS","87020010","00000000000000","76282656000106","223415","FARMACEUTICO ANALISTA CLINICO","0202010503","DOSAGEM DE HEMOGLOBINA GLICOSILADA","999999",1,809,6358.74
"41","Paran√°","411580","MEDIANEIRA","41009","9¬™ RS Foz do Igua√ßu","41024","Foz do Igua√ßu","5413451","CISI CONSORCIO INTERMUNICIPAL DE SAUDE IGUACU","85884000","00879976000186","00000000000000","223415","FARMACEUTICO ANALISTA CLINICO","0202010503","DOSAGEM DE HEMOGLOBINA GLICOSILADA","999999",1,5,39.3
"41","Paran√°","411630","MUNHOZ DE MELO","41015","15¬™ RS Maring√°","41006","Astorga","2774178","CENTRO DE SAUDE DR TANCREDO NEVES","86760000","00000000000000","75352062000161","223415","FARMACEUTICO ANALISTA CLINICO","0202010503","DOSAGEM DE HEMOGLOBINA GLICOSILADA","999999",1,25,196.5
"41","Paran√°","411750","PAI√áANDU","41015","15¬™ RS Maring√°","41009","Maring√°","4054636","UNIDADE BASICA DE SAUDE IVAI","87140000","00000000000000","76282664000152","223415","FARMACEUTICO ANALISTA CLINICO","0202010503","DOSAGEM DE HEMOGLOBINA GLICOSILADA","999999",1,1,7.86
"41","Paran√°","411770","PALMEIRA","41003","3¬™ RS Ponta Grossa","41021","Ponta Grossa","2687135","CENTRO DE ESPECIALIDADES MEDICAS","84130000","00000000000000","76179829000165","223415","FARMACEUTICO ANALISTA CLINICO","0202010503","DOSAGEM DE HEMOGLOBINA GLICOSILADA","999999",1,18,141.48
"41","Paran√°","411790","PALOTINA","41020","20¬™ RS Toledo","41022","Toledo","4054687","CENTRO DE SAUDE MARIA LUIZA SOARES","85950000","00000000000000","76208487000164","223415","FARMACEUTICO ANALISTA CLINICO","0202010503","DOSAGEM DE HEMOGLOBINA GLICOSILADA","999999",1,28,220.08
"41","Paran√°","411820","PARANAGU√Å","41001","1¬™ RS Paranagu√°","41038","Paranagu√°","2683067","LABORATORIO MADRE TERESA DE CALCUTA","83206030","76650712000118","00000000000000","223415","FARMACEUTICO ANALISTA CLINICO","0202010503","DOSAGEM DE HEMOGLOBINA GLICOSILADA","999999",1,15,117.9
"41","Paran√°","411820","PARANAGU√Å","41001","1¬™ RS Paranagu√°","41038","Paranagu√°","2683091","CLINILAB ANALISES CLINICAS SA LTDA","83203150","78179363000123","00000000000000","223415","FARMACEUTICO ANALISTA CLINICO","0202010503","DOSAGEM DE HEMOGLOBINA GLICOSILADA","999999",1,98,770.28
"41","Paran√°","411820","PARANAGU√Å","41001","1¬™ RS Paranagu√°","41038","Paranagu√°","2683113","LABORATORIO PASTEUR","83203550","79622460000101","00000000000000","223415","FARMACEUTICO ANALISTA CLINICO","0202010503","DOSAGEM DE HEMOGLOBINA GLICOSILADA","999999",1,87,683.82
"41","Paran√°","411820","PARANAGU√Å","41001","1¬™ RS Paranagu√°","41038","Paranagu√°","5529212","CENTRO DE ESPECIALIDADES E DIAGNOSTICO JOAO PAULO II","83212260","00000000000000","76017458000115","223415","FARMACEUTICO ANALISTA CLINICO","0202010503","DOSAGEM DE HEMOGLOBINA GLICOSILADA","999999",1,856,6728.16
"41","Paran√°","411840","PARANAVA√ç","41014","14¬™ RS Paranava√≠","41001","Paranava√≠","2754738","SANTA CASA DE PARANAVAI","87704090","79724423000104","00000000000000","221105","BIOLOGO  ANALISTA DE MICROBIOS BIOLOGISTA BIOMEDICO CITO","0202010503","DOSAGEM DE HEMOGLOBINA GLICOSILADA","999999",1,1,7.86
"41","Paran√°","411850","PATO BRANCO","41007","7¬™ RS Pato Branco","41027","Pato Branco","0017876","CONIMS","85501037","00000000000000","00136858000188","221205","BIOMÇDICO","0202010503","DOSAGEM DE HEMOGLOBINA GLICOSILADA","999999",1,61,479.46
"41","Paran√°","411850","PATO BRANCO","41007","7¬™ RS Pato Branco","41027","Pato Branco","0017876","CONIMS","85501037","00000000000000","00136858000188","223415","FARMACEUTICO ANALISTA CLINICO","0202010503","DOSAGEM DE HEMOGLOBINA GLICOSILADA","999999",1,225,1768.5
"41","Paran√°","411850","PATO BRANCO","41007","7¬™ RS Pato Branco","41027","Pato Branco","0017922","LABSAL LABORATORIO DE ANALISES CLINICAS SAO LUCAS","85501272","79845608000177","00000000000000","223415","FARMACEUTICO ANALISTA CLINICO","0202010503","DOSAGEM DE HEMOGLOBINA GLICOSILADA","999999",1,54,424.44
"41","Paran√°","411850","PATO BRANCO","41007","7¬™ RS Pato Branco","41027","Pato Branco","2500752","LABORATORIO BIOCENTER","85501250","82471251000119","00000000000000","223415","FARMACEUTICO ANALISTA CLINICO","0202010503","DOSAGEM DE HEMOGLOBINA GLICOSILADA","999999",1,17,133.62
"41","Paran√°","411850","PATO BRANCO","41007","7¬™ RS Pato Branco","41027","Pato Branco","2500779","LABORATORIO POLICLINICA PATO BRANCO","85501071","77122737000101","00000000000000","223415","FARMACEUTICO ANALISTA CLINICO","0202010503","DOSAGEM DE HEMOGLOBINA GLICOSILADA","999999",1,1,7.86
"41","Paran√°","411850","PATO BRANCO","41007","7¬™ RS Pato Branco","41027","Pato Branco","6384919","LABORATORIO SAO RAFAEL","85501045","10979617000154","00000000000000","223415","FARMACEUTICO ANALISTA CLINICO","0202010503","DOSAGEM DE HEMOGLOBINA GLICOSILADA","999999",1,57,448.02
"41","Paran√°","411850","PATO BRANCO","41007","7¬™ RS Pato Branco","41027","Pato Branco","7386397","LABORATORIO SANTA CLARA","85501071","13222986000277","00000000000000","223415","FARMACEUTICO ANALISTA CLINICO","0202010503","DOSAGEM DE HEMOGLOBINA GLICOSILADA","999999",1,66,518.76
"41","Paran√°","411880","PEABIRU","41011","11¬™ RS Campo Mour√£o","41005","Campo Mour√£o","2733986","EXAMINARE","87250000","77925758000165","00000000000000","223415","FARMACEUTICO ANALISTA CLINICO","0202010503","DOSAGEM DE HEMOGLOBINA GLICOSILADA","999999",1,4,31.44
"41","Paran√°","411890","P√âROLA","41012","12¬™ RS Umuarama","41002","Umuarama","5692490","PRO ANALISE LABORATORIO DE ANALISE CLINICAS","87540000","08355324000154","00000000000000","223415","FARMACEUTICO ANALISTA CLINICO","0202010503","DOSAGEM DE HEMOGLOBINA GLICOSILADA","999999",3,3,23.58
"41","Paran√°","411890","P√âROLA","41012","12¬™ RS Umuarama","41002","Umuarama","7268866","LABORATORIO MENDES","87540000","17382002000195","00000000000000","223415","FARMACEUTICO ANALISTA CLINICO","0202010503","DOSAGEM DE HEMOGLOBINA GLICOSILADA","999999",8,8,62.88
"41","Paran√°","411910","PI√äN","41002","2¬™ RS Metropolitana","41039","Rio Negro PR","0018031","CENTRO DE SAUDE DE PIEN","83860000","00000000000000","76002666000140","223415","FARMACEUTICO ANALISTA CLINICO","0202010503","DOSAGEM DE HEMOGLOBINA GLICOSILADA","999999",2,3,23.58
"41","Paran√°","411915","PINHAIS","41002","2¬™ RS Metropolitana","41037","Curitiba","0018082","LABAN PINHAIS","83331330","00000000000000","72082043000174","223415","FARMACEUTICO ANALISTA CLINICO","0202010503","DOSAGEM DE HEMOGLOBINA GLICOSILADA","999999",1,190,1493.4
"41","Paran√°","411915","PINHAIS","41002","2¬™ RS Metropolitana","41037","Curitiba","0018112","IDC LABORATORIOS INSTITUTO DE DIAGNOSTICO CLINILABOR","83331330","85070340000141","00000000000000","223415","FARMACEUTICO ANALISTA CLINICO","0202010503","DOSAGEM DE HEMOGLOBINA GLICOSILADA","999999",1,63,495.18
"41","Paran√°","411915","PINHAIS","41002","2¬™ RS Metropolitana","41037","Curitiba","0018147","LABCEN","83323000","00000000000000","68753813000196","223415","FARMACEUTICO ANALISTA CLINICO","0202010503","DOSAGEM DE HEMOGLOBINA GLICOSILADA","999999",1,101,793.86
"41","Paran√°","411915","PINHAIS","41002","2¬™ RS Metropolitana","41037","Curitiba","0018333","HOSPITAL MUNICIPAL NOSSA SENHORA DA LUZ DOS PINHAIS","83323040","00000000000000","95423000000100","223415","FARMACEUTICO ANALISTA CLINICO","0202010503","DOSAGEM DE HEMOGLOBINA GLICOSILADA","999999",1,184,1446.24
"41","Paran√°","411915","PINHAIS","41002","2¬™ RS Metropolitana","41037","Curitiba","3030792","XIMENES BOURGUIGNON","83326000","02992787000140","00000000000000","223415","FARMACEUTICO ANALISTA CLINICO","0202010503","DOSAGEM DE HEMOGLOBINA GLICOSILADA","999999",1,79,620.94
"41","Paran√°","411930","PINH√ÉO","41005","5¬™ RS Guarapuava","41029","Guarapuava","3016919","LABORATORIO SANLAB LTDA","85170000","02396298000126","00000000000000","221105","BIOLOGO  ANALISTA DE MICROBIOS BIOLOGISTA BIOMEDICO CITO","0202010503","DOSAGEM DE HEMOGLOBINA GLICOSILADA","999999",1,31,243.66
"41","Paran√°","411990","PONTA GROSSA","41003","3¬™ RS Ponta Grossa","41021","Ponta Grossa","2686953","SANTA CASA DE MISERICORDIA DE PONTA GROSSA","84010200","80238926000159","00000000000000","223415","FARMACEUTICO ANALISTA CLINICO","0202010503","DOSAGEM DE HEMOGLOBINA GLICOSILADA","999999",1,70,550.2
"41","Paran√°","411990","PONTA GROSSA","41003","3¬™ RS Ponta Grossa","41021","Ponta Grossa","2687062","HOSPITAL DA CRIANCA PREFEITO JOAO VARGAS DE OLIVEIRA","84050000","00000000000000","76175884000187","223415","FARMACEUTICO ANALISTA CLINICO","0202010503","DOSAGEM DE HEMOGLOBINA GLICOSILADA","999999",1,4,31.44
"41","Paran√°","411990","PONTA GROSSA","41003","3¬™ RS Ponta Grossa","41021","Ponta Grossa","5856523","LABORATORIO GERAL DR ALFREDO BERGER","84051000","00000000000000","76175884000187","223415","FARMACEUTICO ANALISTA CLINICO","0202010503","DOSAGEM DE HEMOGLOBINA GLICOSILADA","999999",1,800,6288
"41","Paran√°","411990","PONTA GROSSA","41003","3¬™ RS Ponta Grossa","41021","Ponta Grossa","6542638","HOSPITAL UNIVERSITARIO REGIONAL DOS CAMPOS GERAIS","84031510","00000000000000","80257355000108","223415","FARMACEUTICO ANALISTA CLINICO","0202010503","DOSAGEM DE HEMOGLOBINA GLICOSILADA","999999",1,73,573.78
"41","Paran√°","411995","PONTAL DO PARAN√Å","41001","1¬™ RS Paranagu√°","41038","Paranagu√°","2557339","POSTO DE SAUDE DE IPANEMA","83255000","00000000000000","01609843000152","223415","FARMACEUTICO ANALISTA CLINICO","0202010503","DOSAGEM DE HEMOGLOBINA GLICOSILADA","999999",1,34,267.24
"41","Paran√°","412000","PORECATU","41017","17¬™ RS Londrina","41007","Porecatu","2727447","CENTRO DE SAUDE LUIZ DI MIGUELLI","86160000","00000000000000","80542764000148","223415","FARMACEUTICO ANALISTA CLINICO","0202010503","DOSAGEM DE HEMOGLOBINA GLICOSILADA","999999",1,13,102.18
"41","Paran√°","412035","PRANCHITA","41008","8¬™ RS Francisco Beltr√£o","41025","Capanema","2583410","CENTRO DE SAUDE NIS I PRANCHITA","85730000","00000000000000","09182117000108","223415","FARMACEUTICO ANALISTA CLINICO","0202010503","DOSAGEM DE HEMOGLOBINA GLICOSILADA","999999",1,5,39.3
"41","Paran√°","412080","QUATRO BARRAS","41002","2¬™ RS Metropolitana","41037","Curitiba","6440681","CENTRO INTEGRADO DE ATENCAO A SAUDE","83420000","00000000000000","76105568000139","223415","FARMACEUTICO ANALISTA CLINICO","0202010503","DOSAGEM DE HEMOGLOBINA GLICOSILADA","999999",1,15,117.9
"41","Paran√°","412120","QUITANDINHA","41002","2¬™ RS Metropolitana","41039","Rio Negro PR","6044077","BIOCLIN LABORATORIO DE ANALISES CLINICAS","83840000","08381771000188","00000000000000","223415","FARMACEUTICO ANALISTA CLINICO","0202010503","DOSAGEM DE HEMOGLOBINA GLICOSILADA","999999",1,40,314.4
"41","Paran√°","412150","REBOU√áAS","41004","4¬™ RS Irati","41032","Irati","2554038","CENTRO DE SAUDE DE REBOUCAS","84550000","00000000000000","77774859000182","223415","FARMACEUTICO ANALISTA CLINICO","0202010503","DOSAGEM DE HEMOGLOBINA GLICOSILADA","999999",1,7,55.02
"41","Paran√°","412230","RIO NEGRO","41002","2¬™ RS Metropolitana","41039","Rio Negro PR","0025550","CENTRO MUNICIPAL DE ESPECIALIDADES ENFERMEIRO JOSE KRAJEWSKI","83880000","00000000000000","76002641000147","223415","FARMACEUTICO ANALISTA CLINICO","0202010503","DOSAGEM DE HEMOGLOBINA GLICOSILADA","999999",1,20,157.2
"41","Paran√°","412240","ROL√ÇNDIA","41017","17¬™ RS Londrina","41011","Londrina","5066190","CENTRO DE ESPECIALIDADES REABILITACAO E DIAGNOSE MUNICIPAL","86600045","00000000000000","76288760000108","223415","FARMACEUTICO ANALISTA CLINICO","0202010503","DOSAGEM DE HEMOGLOBINA GLICOSILADA","999999",1,219,1721.34
"41","Paran√°","412250","RONCADOR","41011","11¬™ RS Campo Mour√£o","41005","Campo Mour√£o","3768163","LABORATORIO DE ANALISES CLINICAS SANTA CLARA","87320000","05704411000181","00000000000000","223415","FARMACEUTICO ANALISTA CLINICO","0202010503","DOSAGEM DE HEMOGLOBINA GLICOSILADA","999999",1,10,78.6
"41","Paran√°","412330","SANTA CRUZ DE MONTE CASTELO","41014","14¬™ RS Paranava√≠","41001","Paranava√≠","2754533","NIS II SCM CASTELO","87920000","00000000000000","75462820000102","223415","FARMACEUTICO ANALISTA CLINICO","0202010503","DOSAGEM DE HEMOGLOBINA GLICOSILADA","999999",1,8,62.88
"41","Paran√°","412380","SANTA IZABEL DO OESTE","41008","8¬™ RS Francisco Beltr√£o","41025","Capanema","7404883","CENTRO DE SAUDE NIS I SANTA IZABEL DO OESTE","85650000","00000000000000","76205715000142","223415","FARMACEUTICO ANALISTA CLINICO","0202010503","DOSAGEM DE HEMOGLOBINA GLICOSILADA","999999",1,1,7.86
"41","Paran√°","412395","SANTA M√îNICA","41014","14¬™ RS Paranava√≠","41001","Paranava√≠","2754495","NIS II SANTA MONICA","87915000","00000000000000","95641916000137","223415","FARMACEUTICO ANALISTA CLINICO","0202010503","DOSAGEM DE HEMOGLOBINA GLICOSILADA","999999",1,1,7.86
"41","Paran√°","412410","SANTO ANT√îNIO DA PLATINA","41019","19¬™ RS Jacarezinho","41016","Jacarezinho","2781883","INSTITUTO DO RIM","86430000","03626879000170","00000000000000","223415","FARMACEUTICO ANALISTA CLINICO","0202010503","DOSAGEM DE HEMOGLOBINA GLICOSILADA","410360",3,3,23.58
"41","Paran√°","412410","SANTO ANT√îNIO DA PLATINA","41019","19¬™ RS Jacarezinho","41016","Jacarezinho","2781883","INSTITUTO DO RIM","86430000","03626879000170","00000000000000","223415","FARMACEUTICO ANALISTA CLINICO","0202010503","DOSAGEM DE HEMOGLOBINA GLICOSILADA","410470",1,1,7.86
"41","Paran√°","412410","SANTO ANT√îNIO DA PLATINA","41019","19¬™ RS Jacarezinho","41016","Jacarezinho","2781883","INSTITUTO DO RIM","86430000","03626879000170","00000000000000","223415","FARMACEUTICO ANALISTA CLINICO","0202010503","DOSAGEM DE HEMOGLOBINA GLICOSILADA","410900",1,1,7.86
"41","Paran√°","412410","SANTO ANT√îNIO DA PLATINA","41019","19¬™ RS Jacarezinho","41016","Jacarezinho","2781883","INSTITUTO DO RIM","86430000","03626879000170","00000000000000","223415","FARMACEUTICO ANALISTA CLINICO","0202010503","DOSAGEM DE HEMOGLOBINA GLICOSILADA","410970",6,6,47.16
"41","Paran√°","412410","SANTO ANT√îNIO DA PLATINA","41019","19¬™ RS Jacarezinho","41016","Jacarezinho","2781883","INSTITUTO DO RIM","86430000","03626879000170","00000000000000","223415","FARMACEUTICO ANALISTA CLINICO","0202010503","DOSAGEM DE HEMOGLOBINA GLICOSILADA","411180",1,1,7.86
"41","Paran√°","412410","SANTO ANT√îNIO DA PLATINA","41019","19¬™ RS Jacarezinho","41016","Jacarezinho","2781883","INSTITUTO DO RIM","86430000","03626879000170","00000000000000","223415","FARMACEUTICO ANALISTA CLINICO","0202010503","DOSAGEM DE HEMOGLOBINA GLICOSILADA","411230",1,1,7.86
"41","Paran√°","412410","SANTO ANT√îNIO DA PLATINA","41019","19¬™ RS Jacarezinho","41016","Jacarezinho","2781883","INSTITUTO DO RIM","86430000","03626879000170","00000000000000","223415","FARMACEUTICO ANALISTA CLINICO","0202010503","DOSAGEM DE HEMOGLOBINA GLICOSILADA","411280",1,1,7.86
"41","Paran√°","412410","SANTO ANT√îNIO DA PLATINA","41019","19¬™ RS Jacarezinho","41016","Jacarezinho","2781883","INSTITUTO DO RIM","86430000","03626879000170","00000000000000","223415","FARMACEUTICO ANALISTA CLINICO","0202010503","DOSAGEM DE HEMOGLOBINA GLICOSILADA","411920",3,3,23.58
"41","Paran√°","412410","SANTO ANT√îNIO DA PLATINA","41019","19¬™ RS Jacarezinho","41016","Jacarezinho","2781883","INSTITUTO DO RIM","86430000","03626879000170","00000000000000","223415","FARMACEUTICO ANALISTA CLINICO","0202010503","DOSAGEM DE HEMOGLOBINA GLICOSILADA","412070",2,2,15.72
"41","Paran√°","412410","SANTO ANT√îNIO DA PLATINA","41019","19¬™ RS Jacarezinho","41016","Jacarezinho","2781883","INSTITUTO DO RIM","86430000","03626879000170","00000000000000","223415","FARMACEUTICO ANALISTA CLINICO","0202010503","DOSAGEM DE HEMOGLOBINA GLICOSILADA","412180",1,1,7.86
"41","Paran√°","412410","SANTO ANT√îNIO DA PLATINA","41019","19¬™ RS Jacarezinho","41016","Jacarezinho","2781883","INSTITUTO DO RIM","86430000","03626879000170","00000000000000","223415","FARMACEUTICO ANALISTA CLINICO","0202010503","DOSAGEM DE HEMOGLOBINA GLICOSILADA","412410",8,8,62.88
"41","Paran√°","412410","SANTO ANT√îNIO DA PLATINA","41019","19¬™ RS Jacarezinho","41016","Jacarezinho","2781883","INSTITUTO DO RIM","86430000","03626879000170","00000000000000","223415","FARMACEUTICO ANALISTA CLINICO","0202010503","DOSAGEM DE HEMOGLOBINA GLICOSILADA","412540",1,1,7.86
"41","Paran√°","412410","SANTO ANT√îNIO DA PLATINA","41019","19¬™ RS Jacarezinho","41016","Jacarezinho","2781883","INSTITUTO DO RIM","86430000","03626879000170","00000000000000","223415","FARMACEUTICO ANALISTA CLINICO","0202010503","DOSAGEM DE HEMOGLOBINA GLICOSILADA","412660",1,1,7.86
"41","Paran√°","412410","SANTO ANT√îNIO DA PLATINA","41019","19¬™ RS Jacarezinho","41016","Jacarezinho","2781883","INSTITUTO DO RIM","86430000","03626879000170","00000000000000","223415","FARMACEUTICO ANALISTA CLINICO","0202010503","DOSAGEM DE HEMOGLOBINA GLICOSILADA","412850",4,4,31.44
"41","Paran√°","412520","S√ÉO JORGE D'OESTE","41008","8¬™ RS Francisco Beltr√£o","41026","Franc.Beltr√£o","2583372","CENTRO DE SAUDE NIS I SAO JORGE DOESTE","85575000","00000000000000","76995380000103","223415","FARMACEUTICO ANALISTA CLINICO","0202010503","DOSAGEM DE HEMOGLOBINA GLICOSILADA","999999",19,19,149.34
"41","Paran√°","412535","S√ÉO JORGE DO PATROC√çNIO","41012","12¬™ RS Umuarama","41002","Umuarama","2665352","HOSPITAL MUNICIPAL AGNALDO GOUVEIA","87555000","00000000000000","77870475000163","223415","FARMACEUTICO ANALISTA CLINICO","0202010503","DOSAGEM DE HEMOGLOBINA GLICOSILADA","999999",1,37,290.82
"41","Paran√°","412550","S√ÉO JOS√â DOS PINHAIS","41002","2¬™ RS Metropolitana","41037","Curitiba","0019011","LABORATORIO SAO JOSE","83005570","77066561000118","00000000000000","223415","FARMACEUTICO ANALISTA CLINICO","0202010503","DOSAGEM DE HEMOGLOBINA GLICOSILADA","999999",1,16,125.76
"41","Paran√°","412550","S√ÉO JOS√â DOS PINHAIS","41002","2¬™ RS Metropolitana","41037","Curitiba","6994636","LABORATORIO MUNICIPAL DE SAO JOSE DOS PINHAIS","83005420","00000000000000","76105543000135","223415","FARMACEUTICO ANALISTA CLINICO","0202010503","DOSAGEM DE HEMOGLOBINA GLICOSILADA","999999",1,1787,14045.82
"41","Paran√°","412560","S√ÉO MATEUS DO SUL","41006","6¬™ RS Uni√£o da Vit√≥ria","41034","S.Mateus do Sul","2567202","LABORATORIO DE ANALISES CLINICA AVENIDA","83900000","00743475000178","00000000000000","221205","BIOMÇDICO","0202010503","DOSAGEM DE HEMOGLOBINA GLICOSILADA","999999",1,17,133.62
"41","Paran√°","412560","S√ÉO MATEUS DO SUL","41006","6¬™ RS Uni√£o da Vit√≥ria","41034","S.Mateus do Sul","2567229","LABORATORIO IGUACU","83900000","05216156000128","00000000000000","223415","FARMACEUTICO ANALISTA CLINICO","0202010503","DOSAGEM DE HEMOGLOBINA GLICOSILADA","999999",1,24,188.64
"41","Paran√°","412560","S√ÉO MATEUS DO SUL","41006","6¬™ RS Uni√£o da Vit√≥ria","41034","S.Mateus do Sul","6002471","VIDALABOR","83900000","04254482000167","00000000000000","223415","FARMACEUTICO ANALISTA CLINICO","0202010503","DOSAGEM DE HEMOGLOBINA GLICOSILADA","999999",1,9,70.74
"41","Paran√°","412570","S√ÉO MIGUEL DO IGUA√áU","41009","9¬™ RS Foz do Igua√ßu","41024","Foz do Igua√ßu","6657885","COMPLEXO HOSPITALAR MUNICIPAL","85877000","00000000000000","09220037000108","223415","FARMACEUTICO ANALISTA CLINICO","0202010503","DOSAGEM DE HEMOGLOBINA GLICOSILADA","999999",1,25,196.5
"41","Paran√°","412630","SENG√âS","41003","3¬™ RS Ponta Grossa","41020","Jaguaria√≠va","2683180","CENTRO SOCIAL RURAL SENGES","84220000","00000000000000","76911676000107","223415","FARMACEUTICO ANALISTA CLINICO","0202010503","DOSAGEM DE HEMOGLOBINA GLICOSILADA","999999",1,7,55.02
"41","Paran√°","412640","SERTANEJA","41018","18¬™ RS Corn√©lio Proc√≥pio","41015","Corn.Proc√≥pio","2576716","CENTRO DE SAUDE SERTANEJA","86340000","00000000000000","75393082000180","223415","FARMACEUTICO ANALISTA CLINICO","0202010503","DOSAGEM DE HEMOGLOBINA GLICOSILADA","999999",1,1,7.86
"41","Paran√°","412690","TAPIRA","41012","12¬™ RS Umuarama","41002","Umuarama","2737310","UNIDADE BASICA DE SAUDE","87830000","00000000000000","09597602000142","223415","FARMACEUTICO ANALISTA CLINICO","0202010503","DOSAGEM DE HEMOGLOBINA GLICOSILADA","999999",1,17,133.62
"41","Paran√°","412710","TEL√äMACO BORBA","41021","21¬™ RS Tel√™maco Borba","41019","Tel√™maco Borba","2741229","DEPARTAMENTO MUNICIPAL DE SAUDE DE TELEMACO BORBA","84265350","00000000000000","76170240000104","223415","FARMACEUTICO ANALISTA CLINICO","0202010503","DOSAGEM DE HEMOGLOBINA GLICOSILADA","999999",1,222,1744.92
"41","Paran√°","412720","TERRA BOA","41011","11¬™ RS Campo Mour√£o","41005","Campo Mour√£o","2334771","UNILAB LABORATORIO A CLINICAS","87240000","05436299000145","00000000000000","223415","FARMACEUTICO ANALISTA CLINICO","0202010503","DOSAGEM DE HEMOGLOBINA GLICOSILADA","999999",1,42,330.12
"41","Paran√°","412720","TERRA BOA","41011","11¬™ RS Campo Mour√£o","41005","Campo Mour√£o","2567512","LABORATORIO CARLOS CHAGAS","87240000","01778320000130","00000000000000","223415","FARMACEUTICO ANALISTA CLINICO","0202010503","DOSAGEM DE HEMOGLOBINA GLICOSILADA","999999",1,68,534.48
"41","Paran√°","412720","TERRA BOA","41011","11¬™ RS Campo Mour√£o","41005","Campo Mour√£o","2567520","LABORATORIO SANTA CRUZ","87240000","76681170000140","00000000000000","223415","FARMACEUTICO ANALISTA CLINICO","0202010503","DOSAGEM DE HEMOGLOBINA GLICOSILADA","999999",1,44,345.84
"41","Paran√°","412720","TERRA BOA","41011","11¬™ RS Campo Mour√£o","41005","Campo Mour√£o","6935494","LABORATORIO LOURENCO","87240000","12996106000176","00000000000000","223415","FARMACEUTICO ANALISTA CLINICO","0202010503","DOSAGEM DE HEMOGLOBINA GLICOSILADA","999999",1,41,322.26
"41","Paran√°","412760","TIJUCAS DO SUL","41002","2¬™ RS Metropolitana","41039","Rio Negro PR","0019186","CENTRO DE SAUDE","83190000","00000000000000","76105584000121","223415","FARMACEUTICO ANALISTA CLINICO","0202010503","DOSAGEM DE HEMOGLOBINA GLICOSILADA","999999",1,74,581.64
"41","Paran√°","412770","TOLEDO","41020","20¬™ RS Toledo","41022","Toledo","2800837","CISCOPAR","85900200","00000000000000","73449977000164","223415","FARMACEUTICO ANALISTA CLINICO","0202010503","DOSAGEM DE HEMOGLOBINA GLICOSILADA","999999",1,137,1076.82
"41","Paran√°","412770","TOLEDO","41020","20¬™ RS Toledo","41022","Toledo","2810395","LABORATORIO BIOANALISES","85900190","78670254000104","00000000000000","223415","FARMACEUTICO ANALISTA CLINICO","0202010503","DOSAGEM DE HEMOGLOBINA GLICOSILADA","999999",1,21,165.06
"41","Paran√°","412770","TOLEDO","41020","20¬™ RS Toledo","41022","Toledo","4056698","PRONTO ATENDIMENTO 24 HORAS DR JORGE MILTON NUNES","85910020","00000000000000","76205806000188","223415","FARMACEUTICO ANALISTA CLINICO","0202010503","DOSAGEM DE HEMOGLOBINA GLICOSILADA","999999",1,47,369.42
"41","Paran√°","412770","TOLEDO","41020","20¬™ RS Toledo","41022","Toledo","4056825","LABORATORIO BIOCENTER MATRIZ","85909010","04745996000115","00000000000000","223415","FARMACEUTICO ANALISTA CLINICO","0202010503","DOSAGEM DE HEMOGLOBINA GLICOSILADA","999999",1,22,172.92
"41","Paran√°","412788","TUNAS DO PARAN√Å","41002","2¬™ RS Metropolitana","41037","Curitiba","0019208","UNIDADE MISTA DE SAUDE DE TUNAS DO PARANA","83480000","00000000000000","68703834000105","223415","FARMACEUTICO ANALISTA CLINICO","0202010503","DOSAGEM DE HEMOGLOBINA GLICOSILADA","999999",1,30,235.8
"41","Paran√°","412800","UBIRAT√É","41011","11¬™ RS Campo Mour√£o","41004","Goioer√™","2734265","LABORATORIO UBIRATA DE ANALISES CLINICAS","85440000","77363562000124","00000000000000","223415","FARMACEUTICO ANALISTA CLINICO","0202010503","DOSAGEM DE HEMOGLOBINA GLICOSILADA","999999",1,1,7.86
"41","Paran√°","412810","UMUARAMA","41012","12¬™ RS Umuarama","41002","Umuarama","2594765","UNIVERSIDADE PARANAENSE UNIPAR","87502210","00000000000000","75517151000110","223415","FARMACEUTICO ANALISTA CLINICO","0202010503","DOSAGEM DE HEMOGLOBINA GLICOSILADA","999999",1,255,2004.3
"41","Paran√°","412810","UMUARAMA","41012","12¬™ RS Umuarama","41002","Umuarama","2679728","LABORATORIO PRONTO ANALISE","87501055","01097957000160","00000000000000","223415","FARMACEUTICO ANALISTA CLINICO","0202010503","DOSAGEM DE HEMOGLOBINA GLICOSILADA","999999",1,70,550.2
"41","Paran√°","412810","UMUARAMA","41012","12¬™ RS Umuarama","41002","Umuarama","3057291","LABORATORIO SAO MIGUEL","87501020","75515478000153","00000000000000","223415","FARMACEUTICO ANALISTA CLINICO","0202010503","DOSAGEM DE HEMOGLOBINA GLICOSILADA","999999",1,37,290.82
"41","Paran√°","412810","UMUARAMA","41012","12¬™ RS Umuarama","41002","Umuarama","3751783","SANTARITA ANALISES CLINICAS","87504050","03588690000210","00000000000000","223415","FARMACEUTICO ANALISTA CLINICO","0202010503","DOSAGEM DE HEMOGLOBINA GLICOSILADA","999999",1,52,408.72
"41","Paran√°","412810","UMUARAMA","41012","12¬™ RS Umuarama","41002","Umuarama","7263775","LAB EXAME LABORATORIO DE ANALISES CLINICAS","87501070","16554134000194","00000000000000","223415","FARMACEUTICO ANALISTA CLINICO","0202010503","DOSAGEM DE HEMOGLOBINA GLICOSILADA","999999",1,114,896.04
"41","Paran√°","412820","UNI√ÉO DA VIT√ìRIA","41006","6¬™ RS Uni√£o da Vit√≥ria","41033","Uni√£o Vit√≥ria","5986524","LABORATORIO DE ANALISES CLINICAS WILLY CARLOS JUNG FILIAL","84600000","83145771000285","00000000000000","223415","FARMACEUTICO ANALISTA CLINICO","0202010503","DOSAGEM DE HEMOGLOBINA GLICOSILADA","999999",1,142,1116.12
"41","Paran√°","412853","VENTANIA","41021","21¬™ RS Tel√™maco Borba","41019","Tel√™maco Borba","2740494","CENTRO DE SAUDE DE VENTANIA","84345000","00000000000000","95685798000169","223415","FARMACEUTICO ANALISTA CLINICO","0202010503","DOSAGEM DE HEMOGLOBINA GLICOSILADA","999999",1,6,47.16
"41","Paran√°","412862","ALTO PARA√çSO","41012","12¬™ RS Umuarama","41002","Umuarama","4057244","CENTRO DE SAUDE DE ALTO PARAISO","87528000","00000000000000","95640736000130","223415","FARMACEUTICO ANALISTA CLINICO","0202010503","DOSAGEM DE HEMOGLOBINA GLICOSILADA","999999",1,8,62.88
